"solar_system","production_load_mean","energy_backup_score_mode","exposure_mean","exposure_total","claim_rate"
"Helionis Cluster",0.497422773283065,"5",0.499897543778002,9712.5093780628,0.193461846661792
"Epsilon",0.497460065409687,"2",0.498229736760317,19386.6172870807,0.205399422758173
"Zeta",0.501852979803724,"2",0.500495596398581,19492.8019929355,0.20135637767328
