"solar_system_original","mean_loss","sd_loss","p95_loss","p99_loss","tvar95","mean_N","p95_N"
"Bayesia System",1405101695.43075,427819422.774991,2103412140.75279,2781520263.96945,2616581069.95057,493.1226,573
"Helionis Cluster",1557764456.04488,570360397.134659,2282054893.4766,3019974534.34187,2887701841.18491,545.3912,630
"Oryn Delta",1055116411.3302,381642005.230379,1635275554.77203,2255107050.51802,2077095679.86421,369.9915,439
