"solar_system_new","total_exposure_assumed","expected_claim_count","implied_claim_rate"
"Bayesia System",4856.2546890314,988.921126070477,0.203638645292659
"Helionis Cluster",9712.5093780628,2166.20477765155,0.223032451587049
"Oryn Delta",3237.50312602093,683.129397209038,0.211005015475813
