"theta_scenario","theta_used","mean_claim_count","sd_claim_count","p95_claim_count","p99_claim_count","mean_agg_loss","sd_agg_loss","p50_agg_loss","p75_agg_loss","p90_agg_loss","p95_agg_loss","p99_agg_loss","max_agg_loss","zero_prop_claim"
"theta_1",1,3813.6795,2437.1748507042,8555.24999999998,11911.61,16694137543.5569,10676122054.1156,14343335744.7392,21855712704.2814,30814772439.6337,37572433544.3555,52168087439.4904,86431150866.5614,0
"theta_5",5,3833.8255,1110.95167663249,5838.05,6990,16784202693.0557,4893579509.27149,16240437633.0626,19708302340.9935,23365725999.747,25593172743.6583,30514901750.8059,41899101730.4476,0
"theta_fitted",0.112193731328723,3649.5908,7095.90709512925,16341.9,35017.61,15970695497.9404,31058244257.4208,4033147188.62753,17117922860.5946,44974635592.9505,71715512499.1315,151853360556.961,517970976244.027,0.0417
