"mean_loss","sd_loss","p95_loss","p99_loss","tvar95","mean_N","p95_N"
4017982562.80583,806446387.326183,5209752502.28589,6275358170.52425,6060694223.24623,1408.5053,1544
